timestamp,open,high,low,close,volume
2025-02-05 13:26:00,98368.3,98476.6,98368.3,98445.0,0.01450116
2025-02-05 13:27:00,98476.5,98476.5,98476.5,98476.5,0.35820796
2025-02-05 13:28:00,98476.6,98516.1,98476.6,98479.5,0.07694798
2025-02-05 13:29:00,98491.7,98491.7,98491.7,98491.7,0.00047839
2025-02-05 13:30:00,98453.3,98472.8,98453.3,98472.8,0.05005367
2025-02-05 13:31:00,98472.8,98472.8,98472.8,98472.8,0.0
2025-02-05 13:32:00,98510.5,98510.5,98510.5,98510.5,0.00804029
2025-02-05 13:33:00,98510.5,98510.5,98510.5,98510.5,0.0
2025-02-05 13:34:00,98430.9,98430.9,98430.9,98430.9,0.00606073
2025-02-05 13:35:00,98430.9,98430.9,98430.9,98430.9,0.0
2025-02-05 13:36:00,98447.0,98480.5,98439.8,98480.5,0.01340864
2025-02-05 13:37:00,98520.7,98583.6,98520.7,98583.6,0.25385804
2025-02-05 13:38:00,98583.6,98583.6,98583.6,98583.6,0.0
2025-02-05 13:39:00,98583.7,98601.8,98578.0,98578.0,0.00371394
2025-02-05 13:40:00,98578.0,98578.0,98578.0,98578.0,0.0
2025-02-05 13:41:00,98512.5,98512.5,98512.5,98512.5,0.00030937
2025-02-05 13:42:00,98561.8,98561.8,98531.0,98531.0,0.00229816
2025-02-05 13:43:00,98581.7,98609.0,98581.7,98609.0,0.00308345
2025-02-05 13:44:00,98580.5,98580.5,98580.5,98580.5,0.00015052
2025-02-05 13:45:00,98580.5,98580.5,98580.5,98580.5,0.0
2025-02-05 13:46:00,98530.3,98530.3,98530.3,98530.3,0.0999997
2025-02-05 13:47:00,98558.8,98594.9,98558.8,98573.7,0.0042207
2025-02-05 13:48:00,98610.3,98610.3,98610.3,98610.3,0.00179345
2025-02-05 13:49:00,98610.3,98610.3,98610.3,98610.3,0.0009
2025-02-05 13:50:00,98610.3,98610.3,98610.3,98610.3,0.00022398
2025-02-05 13:51:00,98610.3,98659.8,98610.3,98641.5,0.0209382
2025-02-05 13:52:00,98641.5,98641.5,98641.5,98641.5,0.0
2025-02-05 13:53:00,98610.3,98610.3,98610.3,98610.3,0.0027584
2025-02-05 13:54:00,98610.3,98610.3,98610.3,98610.3,0.0
2025-02-05 13:55:00,98610.3,98610.3,98575.0,98575.0,1.00099127
2025-02-05 13:56:00,98583.0,98583.0,98583.0,98583.0,0.02312818
2025-02-05 13:57:00,98583.0,98583.0,98583.0,98583.0,0.0
2025-02-05 13:58:00,98583.0,98583.0,98583.0,98583.0,0.0
2025-02-05 13:59:00,98573.3,98573.3,98573.3,98573.3,0.00213803
2025-02-05 14:00:00,98586.6,98619.2,98575.8,98575.8,0.0949491
2025-02-05 14:01:00,98562.8,98562.8,98562.8,98562.8,3.959e-05
2025-02-05 14:02:00,98562.8,98562.8,98530.2,98530.2,0.00256697
2025-02-05 14:03:00,98462.6,98462.6,98425.4,98425.4,0.307066
2025-02-05 14:04:00,98442.9,98476.7,98442.9,98446.9,0.01101266
2025-02-05 14:05:00,98491.9,98491.9,98491.2,98491.2,0.00076789
2025-02-05 14:06:00,98491.2,98491.2,98491.2,98491.2,0.0
2025-02-05 14:07:00,98496.6,98496.6,98447.3,98447.3,0.0114101
2025-02-05 14:08:00,98447.9,98447.9,98447.9,98447.9,0.00092686
2025-02-05 14:09:00,98447.3,98447.3,98447.3,98447.3,0.12458316
2025-02-05 14:10:00,98521.2,98534.2,98521.2,98534.2,0.00257
2025-02-05 14:11:00,98519.0,98519.0,98508.3,98508.3,0.0108055
2025-02-05 14:12:00,98485.0,98485.0,98484.9,98484.9,0.00227983
2025-02-05 14:13:00,98447.3,98447.3,98447.3,98447.3,0.00058947
2025-02-05 14:14:00,98447.3,98447.3,98447.3,98447.3,0.36171735
2025-02-05 14:15:00,98447.4,98474.7,98447.4,98474.7,0.00212044
2025-02-05 14:16:00,98507.3,98507.3,98507.3,98507.3,1.2e-05
2025-02-05 14:17:00,98507.3,98624.5,98507.3,98624.5,1.01675856
2025-02-05 14:18:00,98640.5,98757.2,98640.5,98725.6,0.04334313
2025-02-05 14:19:00,98725.6,98725.6,98725.6,98725.6,0.0
2025-02-05 14:20:00,98751.9,98751.9,98651.2,98651.2,0.12952596
2025-02-05 14:21:00,98589.9,98589.9,98576.2,98576.2,0.02048296
2025-02-05 14:22:00,98580.2,98580.2,98580.2,98580.2,0.00035679
2025-02-05 14:23:00,98629.6,98639.1,98629.6,98639.1,0.00664979
2025-02-05 14:24:00,98560.6,98560.6,98560.6,98560.6,0.00018261
2025-02-05 14:25:00,98602.2,98602.2,98590.4,98590.4,0.036
2025-02-05 14:26:00,98610.2,98610.2,98610.2,98610.2,0.0011
2025-02-05 14:27:00,98596.8,98596.8,98596.8,98596.8,6.406e-05
2025-02-05 14:28:00,98610.2,98660.8,98610.2,98660.8,0.2299297
2025-02-05 14:29:00,98660.8,98660.8,98660.8,98660.8,0.0
2025-02-05 14:30:00,98707.2,98801.8,98707.2,98769.3,0.02897986
2025-02-05 14:31:00,98690.7,98690.7,98622.4,98662.7,0.02871045
2025-02-05 14:32:00,98606.9,98606.9,98606.9,98606.9,0.0001217
2025-02-05 14:33:00,98560.5,98560.5,98491.3,98506.8,0.00060897
2025-02-05 14:34:00,98583.2,98602.9,98583.2,98602.9,0.00058461
2025-02-05 14:35:00,98615.2,98692.7,98615.2,98692.7,0.02646176
2025-02-05 14:36:00,98801.8,98801.9,98801.8,98801.9,0.00051946
2025-02-05 14:37:00,98789.0,98789.0,98696.0,98696.0,0.07546753
2025-02-05 14:38:00,98781.0,98781.0,98781.0,98781.0,4.344e-05
2025-02-05 14:39:00,98801.9,98801.9,98801.9,98801.9,5.084e-05
2025-02-05 14:40:00,98793.1,98889.2,98793.1,98889.2,0.75812723
2025-02-05 14:41:00,98889.2,99041.6,98889.2,99041.5,0.05636135
2025-02-05 14:42:00,99041.6,99064.5,98932.4,98932.4,0.02703742
2025-02-05 14:43:00,98932.4,98932.4,98932.4,98932.4,0.0
2025-02-05 14:44:00,98818.8,98818.8,98818.8,98818.8,0.04247197
2025-02-05 14:45:00,98847.6,98847.6,98818.7,98818.7,0.0225781
2025-02-05 14:46:00,98858.5,98858.5,98858.5,98858.5,0.09867692
2025-02-05 14:47:00,98850.9,98850.9,98850.9,98850.9,5.22e-05
2025-02-05 14:48:00,98961.3,98961.3,98961.3,98961.3,0.022
2025-02-05 14:49:00,98855.0,98855.0,98855.0,98855.0,0.00725763
2025-02-05 14:50:00,98855.0,98855.0,98855.0,98855.0,0.0001344
2025-02-05 14:51:00,98704.4,98704.4,98704.4,98704.4,5.943e-05
2025-02-05 14:52:00,98640.5,98640.5,98496.3,98496.3,0.00171299
2025-02-05 14:53:00,98495.9,98526.1,98495.9,98526.1,0.00623138
2025-02-05 14:54:00,98541.3,98541.3,98541.3,98541.3,0.01277431
2025-02-05 14:55:00,98462.6,98462.6,98430.0,98430.0,0.0024638
2025-02-05 14:56:00,98465.3,98465.3,98285.1,98285.1,0.00042397
2025-02-05 14:57:00,98285.0,98285.0,98185.0,98185.0,0.00743472
2025-02-05 14:58:00,98154.0,98154.0,98154.0,98154.0,0.000202
2025-02-05 14:59:00,98172.2,98307.8,98172.2,98307.8,0.00279477
2025-02-05 15:00:00,98302.6,98484.4,98302.6,98440.4,0.1896362
2025-02-05 15:01:00,98485.7,98485.7,98425.4,98425.4,0.13875815
2025-02-05 15:02:00,98425.4,98425.4,98425.4,98425.4,0.0
2025-02-05 15:03:00,98305.3,98305.3,98085.3,98085.3,0.04868648
2025-02-05 15:04:00,98085.2,98085.2,97894.3,97919.2,0.44437228
2025-02-05 15:05:00,97903.7,97995.8,97875.6,97995.8,0.00322789
2025-02-05 15:06:00,98008.7,98008.7,97809.8,97809.8,0.20826857
2025-02-05 15:07:00,97809.9,97883.7,97809.9,97883.7,0.05037514
2025-02-05 15:08:00,98030.1,98030.1,98030.1,98030.1,5.506e-05
2025-02-05 15:09:00,98030.1,98030.1,98030.1,98030.1,0.0
2025-02-05 15:10:00,98107.7,98147.0,98107.7,98131.4,0.00104627
2025-02-05 15:11:00,98136.4,98136.4,98136.4,98136.4,0.00038722
2025-02-05 15:12:00,98136.4,98136.4,98136.4,98136.4,0.0
2025-02-05 15:13:00,98104.8,98104.8,98104.8,98104.8,0.0049211
2025-02-05 15:14:00,98147.0,98176.0,98147.0,98176.0,0.00031848
2025-02-05 15:15:00,98188.6,98188.6,98188.5,98188.5,0.14466498
2025-02-05 15:16:00,98215.6,98215.6,98215.6,98215.6,0.01853
2025-02-05 15:17:00,98215.6,98215.6,98215.6,98215.6,0.0
2025-02-05 15:18:00,98215.6,98215.6,98215.6,98215.6,0.0
2025-02-05 15:19:00,98010.0,98010.0,98010.0,98010.0,0.00204254
2025-02-05 15:20:00,98114.3,98114.3,98114.3,98114.3,0.00086007
2025-02-05 15:21:00,98114.3,98114.3,98114.3,98114.3,0.0
2025-02-05 15:22:00,98158.8,98267.8,98158.8,98267.8,0.11218504
2025-02-05 15:23:00,98278.1,98390.3,98278.1,98390.3,0.00169733
2025-02-05 15:24:00,98390.3,98390.3,98390.3,98390.3,0.0
2025-02-05 15:25:00,98390.3,98390.3,98390.3,98390.3,0.0
2025-02-05 15:26:00,98404.3,98404.3,98404.3,98404.3,5.006e-05
2025-02-05 15:27:00,98404.3,98404.3,98404.3,98404.3,0.0001575
2025-02-05 15:28:00,98459.4,98459.4,98426.6,98426.6,0.0019447
2025-02-05 15:29:00,98430.7,98431.6,98425.1,98431.6,0.02230378
2025-02-05 15:30:00,98462.6,98506.2,98400.6,98400.6,0.14968778
2025-02-05 15:31:00,98400.5,98400.5,98237.4,98237.4,0.10934421
2025-02-05 15:32:00,98149.8,98149.8,98149.8,98149.8,0.02989
2025-02-05 15:33:00,98332.9,98332.9,98280.9,98281.9,0.01392789
2025-02-05 15:34:00,98290.3,98302.5,98280.9,98302.5,0.00201967
2025-02-05 15:35:00,98319.5,98343.4,98319.5,98343.4,0.00075676
2025-02-05 15:36:00,98342.0,98342.0,98264.3,98264.3,0.00084902
2025-02-05 15:37:00,98213.5,98218.1,98177.8,98177.8,0.00847533
2025-02-05 15:38:00,98150.0,98150.0,98068.4,98125.3,0.01089658
2025-02-05 15:39:00,98112.1,98112.1,98112.1,98112.1,0.01
2025-02-05 15:40:00,98137.7,98137.7,98079.2,98079.2,0.00223641
2025-02-05 15:41:00,98079.4,98079.4,98079.4,98079.4,0.00028448
2025-02-05 15:42:00,98165.9,98211.1,98165.9,98211.1,0.00100965
2025-02-05 15:43:00,98211.1,98211.1,98211.1,98211.1,0.0
2025-02-05 15:44:00,98211.1,98211.1,98211.1,98211.1,0.0
2025-02-05 15:45:00,98013.1,98013.1,97983.2,97983.2,0.00468475
2025-02-05 15:46:00,97983.3,98044.3,97983.3,98044.3,0.000491
2025-02-05 15:47:00,98041.0,98041.0,97983.2,97983.2,0.00726399
2025-02-05 15:48:00,98058.8,98064.2,98058.8,98064.2,0.00179862
2025-02-05 15:49:00,98112.7,98112.7,98112.7,98112.7,0.00012733
2025-02-05 15:50:00,98112.7,98112.7,98112.7,98112.7,0.0
2025-02-05 15:51:00,97979.7,98057.3,97979.7,98057.3,0.02619497
2025-02-05 15:52:00,98057.3,98057.3,98057.3,98057.3,0.0
2025-02-05 15:53:00,98145.8,98145.8,98145.8,98145.8,0.00958029
2025-02-05 15:54:00,98166.3,98172.0,98112.5,98112.5,0.23304967
2025-02-05 15:55:00,98130.6,98130.6,98121.3,98121.3,0.34276575
2025-02-05 15:56:00,98115.6,98115.6,98115.6,98115.6,0.0007288
2025-02-05 15:57:00,98115.6,98115.6,98115.6,98115.6,0.0
2025-02-05 15:58:00,98115.6,98115.6,98115.6,98115.6,0.0
2025-02-05 15:59:00,98058.6,98058.6,98058.5,98058.5,0.01394074
2025-02-05 16:00:00,98058.6,98070.8,98058.5,98070.8,0.0411984
2025-02-05 16:01:00,98028.4,98037.7,98020.7,98037.7,0.0474342
2025-02-05 16:02:00,98037.7,98037.7,98037.7,98037.7,0.0
2025-02-05 16:03:00,98052.6,98058.5,98052.6,98058.5,0.00047824
2025-02-05 16:04:00,98105.4,98105.4,97993.5,97993.5,0.00924026
2025-02-05 16:05:00,97978.1,97978.1,97819.7,97819.7,0.04496983
2025-02-05 16:06:00,97862.2,97862.3,97862.2,97862.3,0.020543
2025-02-05 16:07:00,97809.9,97809.9,97809.9,97809.9,0.0055905
2025-02-05 16:08:00,97809.8,97809.8,97657.4,97691.0,0.08141307
2025-02-05 16:09:00,97820.2,97820.2,97820.2,97820.2,0.00073715
2025-02-05 16:10:00,97754.2,97754.2,97754.2,97754.2,0.0146
2025-02-05 16:11:00,97821.8,97827.7,97821.8,97827.7,0.0306
2025-02-05 16:12:00,97784.8,97784.8,97784.8,97784.8,0.01331437
2025-02-05 16:13:00,97694.5,97694.5,97644.7,97644.7,0.01562713
2025-02-05 16:14:00,97648.5,97648.5,97648.5,97648.5,0.0153
2025-02-05 16:15:00,97685.6,97748.7,97685.6,97748.7,0.01591382
2025-02-05 16:16:00,97644.6,97644.6,97549.2,97549.2,0.02482028
2025-02-05 16:17:00,97512.6,97512.6,97425.4,97425.4,0.07656502
2025-02-05 16:18:00,97401.9,97401.9,97319.6,97319.6,0.08705401
2025-02-05 16:19:00,97450.6,97455.4,97450.6,97455.4,0.00578207
2025-02-05 16:20:00,97431.2,97504.3,97431.2,97504.3,0.05433396
2025-02-05 16:21:00,97577.9,97587.9,97577.9,97586.3,0.00168077
2025-02-05 16:22:00,97532.5,97532.5,97409.7,97508.1,0.01825612
2025-02-05 16:23:00,97488.8,97488.8,97488.8,97488.8,0.0151
2025-02-05 16:24:00,97512.5,97512.7,97492.8,97512.7,0.0151101
2025-02-05 16:25:00,97536.9,97536.9,97536.9,97536.9,0.01755288
2025-02-05 16:26:00,97537.0,97654.0,97537.0,97617.9,0.02701142
2025-02-05 16:27:00,97561.7,97582.9,97561.7,97582.9,0.01532055
2025-02-05 16:28:00,97640.8,97692.3,97640.8,97692.3,0.03868333
2025-02-05 16:29:00,97676.6,97749.3,97676.6,97749.3,0.03042807
2025-02-05 16:30:00,97754.2,97808.9,97754.2,97774.8,0.00806373
2025-02-05 16:31:00,97864.5,97867.5,97802.9,97802.9,0.0166668
2025-02-05 16:32:00,97832.7,97832.7,97719.9,97729.9,0.0554352
2025-02-05 16:33:00,97655.1,97669.6,97655.1,97664.2,0.119
2025-02-05 16:34:00,97579.5,97579.5,97579.5,97579.5,0.0013528
2025-02-05 16:35:00,97641.6,97694.4,97627.6,97694.4,0.00253054
2025-02-05 16:36:00,97694.4,97771.4,97694.4,97771.4,0.0066624
2025-02-05 16:37:00,97741.7,97741.7,97741.7,97741.7,0.0149
2025-02-05 16:38:00,97741.7,97741.7,97741.7,97741.7,0.0
2025-02-05 16:39:00,97577.9,97588.1,97527.8,97588.1,1.56368583
2025-02-05 16:40:00,97588.1,97588.1,97588.1,97588.1,0.0
2025-02-05 16:41:00,97560.8,97605.0,97560.8,97592.3,0.0153562
2025-02-05 16:42:00,97592.9,97592.9,97592.9,97592.9,0.0025
2025-02-05 16:43:00,97650.4,97650.4,97650.4,97650.4,0.04628376
2025-02-05 16:44:00,97645.4,97650.4,97645.4,97650.4,0.75985485
2025-02-05 16:45:00,97583.3,97648.4,97583.3,97648.4,0.5375
2025-02-05 16:46:00,97648.5,97650.5,97648.5,97650.5,0.02093897
2025-02-05 16:47:00,97716.2,97754.2,97716.2,97754.2,0.00045841
2025-02-05 16:48:00,97790.2,97796.9,97759.5,97759.5,0.01199867
2025-02-05 16:49:00,97773.4,97886.0,97773.4,97886.0,0.50127201
2025-02-05 16:50:00,97886.0,98092.3,97886.0,98092.2,0.05802303
2025-02-05 16:51:00,98092.3,98187.3,98092.3,98187.3,0.02648711
2025-02-05 16:52:00,98187.3,98187.3,98187.3,98187.3,0.0
2025-02-05 16:53:00,98165.7,98165.7,98165.7,98165.7,0.0238
2025-02-05 16:54:00,98093.3,98101.0,98093.3,98098.8,0.46897691
2025-02-05 16:55:00,98098.8,98098.8,98098.8,98098.8,0.0
2025-02-05 16:56:00,98137.9,98137.9,98137.9,98137.9,0.00515013
2025-02-05 16:57:00,98098.8,98098.8,98021.0,98026.7,0.15298858
2025-02-05 16:58:00,98083.8,98083.8,98027.2,98027.2,0.03340454
2025-02-05 16:59:00,97968.7,97983.9,97968.7,97977.0,0.01690056
2025-02-05 17:00:00,97975.1,98011.7,97975.1,98011.7,0.00080133
2025-02-05 17:01:00,98011.7,98054.5,98011.7,98054.5,0.00062895
2025-02-05 17:02:00,98087.7,98092.2,98042.3,98086.2,0.48942567
2025-02-05 17:03:00,98085.9,98123.5,98085.9,98104.9,0.7688494
2025-02-05 17:04:00,98104.9,98104.9,98104.9,98104.9,0.0
2025-02-05 17:05:00,98104.9,98104.9,98104.9,98104.9,0.0
2025-02-05 17:06:00,98163.9,98163.9,98163.9,98163.9,0.78775463
2025-02-05 17:07:00,98135.4,98135.4,98113.0,98113.0,0.00614469
2025-02-05 17:08:00,98108.6,98164.0,98088.2,98164.0,1.41332713
2025-02-05 17:09:00,98198.8,98217.7,98198.8,98217.7,0.00294073
2025-02-05 17:10:00,98218.9,98218.9,98218.8,98218.8,0.11020286
2025-02-05 17:11:00,98218.8,98218.8,98218.8,98218.8,0.0
2025-02-05 17:12:00,98218.8,98218.8,98140.4,98140.4,0.00058942
2025-02-05 17:13:00,98127.8,98127.8,98127.8,98127.8,0.0005134
2025-02-05 17:14:00,98127.8,98127.8,98127.8,98127.8,0.0
2025-02-05 17:15:00,98085.8,98085.8,97930.8,97930.8,0.00241586
2025-02-05 17:16:00,97909.0,97909.0,97724.9,97724.9,0.03083442
2025-02-05 17:17:00,97698.9,97751.5,97698.9,97748.2,0.01118004
2025-02-05 17:18:00,97723.8,97723.8,97708.0,97708.0,0.1546362
2025-02-05 17:19:00,97650.4,97650.4,97579.8,97579.8,0.06119179
2025-02-05 17:20:00,97579.7,97579.7,97504.8,97504.8,0.33509318
2025-02-05 17:21:00,97500.0,97500.0,97500.0,97500.0,0.0001963
2025-02-05 17:22:00,97502.7,97502.7,97484.9,97484.9,0.00074633
2025-02-05 17:23:00,97515.6,97515.6,97515.6,97515.6,0.00059652
2025-02-05 17:24:00,97570.6,97598.8,97570.6,97570.6,0.15450163
2025-02-05 17:25:00,97478.9,97478.9,97451.8,97451.8,1.307106
2025-02-05 17:26:00,97486.2,97486.2,97486.2,97486.2,0.000683
2025-02-05 17:27:00,97610.7,97610.7,97610.7,97610.7,0.00101423
2025-02-05 17:28:00,97610.7,97610.7,97610.7,97610.7,0.0
2025-02-05 17:29:00,97610.7,97610.7,97610.7,97610.7,0.0
2025-02-05 17:30:00,97624.8,97658.8,97624.8,97658.8,0.00139861
2025-02-05 17:31:00,97625.7,97640.2,97625.7,97640.2,0.02702454
2025-02-05 17:32:00,97652.7,97652.7,97614.9,97614.9,0.0521068
2025-02-05 17:33:00,97614.9,97614.9,97614.9,97614.9,0.0
2025-02-05 17:34:00,97486.1,97486.1,97450.1,97450.1,0.00334216
2025-02-05 17:35:00,97501.4,97501.4,97450.0,97450.0,0.06920793
2025-02-05 17:36:00,97660.7,97660.7,97660.7,97660.7,0.00164058
2025-02-05 17:37:00,97681.9,97681.9,97681.9,97681.9,0.00035303
2025-02-05 17:38:00,97694.1,97694.1,97694.1,97694.1,0.00279204
2025-02-05 17:39:00,97694.1,97694.1,97694.1,97694.1,0.0
2025-02-05 17:40:00,97694.1,97694.1,97694.1,97694.1,0.0
2025-02-05 17:41:00,97561.0,97561.0,97476.0,97476.0,0.00402354
2025-02-05 17:42:00,97465.9,97465.9,97444.9,97445.0,0.22568746
2025-02-05 17:43:00,97445.0,97445.0,97445.0,97445.0,0.0
2025-02-05 17:44:00,97428.3,97428.3,97428.3,97428.3,0.01064401
2025-02-05 17:45:00,97401.9,97401.9,97401.9,97401.9,7.5e-05
2025-02-05 17:46:00,97468.8,97487.7,97468.8,97487.7,0.01131066
2025-02-05 17:47:00,97498.3,97498.3,97498.3,97498.3,0.00110155
2025-02-05 17:48:00,97577.9,97577.9,97577.9,97577.9,7.5e-05
2025-02-05 17:49:00,97572.1,97578.8,97572.1,97578.8,0.23059201
2025-02-05 17:50:00,97506.7,97506.7,97498.3,97498.3,0.01068858
2025-02-05 17:51:00,97498.2,97498.2,97498.2,97498.2,0.71991793
2025-02-05 17:52:00,97469.2,97469.2,97469.2,97469.2,0.00513182
2025-02-05 17:53:00,97469.2,97469.2,97469.2,97469.2,0.0
2025-02-05 17:54:00,97607.9,97607.9,97607.9,97607.9,0.00034306
2025-02-05 17:55:00,97636.5,97636.5,97636.5,97636.5,0.00013775
2025-02-05 17:56:00,97611.9,97630.2,97611.9,97630.2,0.04015132
2025-02-05 17:57:00,97623.9,97623.9,97623.9,97623.9,0.00202803
2025-02-05 17:58:00,97623.9,97623.9,97623.9,97623.9,0.0
2025-02-05 17:59:00,97569.7,97589.8,97569.7,97589.8,0.16130307
2025-02-05 18:00:00,97549.7,97631.3,97549.7,97631.3,0.03171994
2025-02-05 18:01:00,97679.9,97679.9,97679.9,97679.9,0.00020475
2025-02-05 18:02:00,97684.3,97684.3,97586.6,97586.6,10.0
2025-02-05 18:03:00,97620.1,97620.1,97561.6,97561.6,0.00056792
2025-02-05 18:04:00,97549.6,97549.6,97549.6,97549.6,0.000106
2025-02-05 18:05:00,97549.7,97549.7,97462.4,97462.4,0.14888604
2025-02-05 18:06:00,97494.4,97494.4,97447.3,97447.3,0.04152401
2025-02-05 18:07:00,97463.9,97463.9,97463.9,97463.9,0.00102602
2025-02-05 18:08:00,97587.4,97598.2,97587.4,97598.2,0.00088802
2025-02-05 18:09:00,97604.9,97604.9,97604.9,97604.9,0.10245387
2025-02-05 18:10:00,97604.9,97604.9,97604.9,97604.9,0.0
2025-02-05 18:11:00,97429.3,97429.3,97401.9,97401.9,0.00197744
2025-02-05 18:12:00,97400.0,97400.0,97111.9,97155.2,0.63744179
2025-02-05 18:13:00,97100.0,97100.0,96924.9,96924.9,0.57681961
2025-02-05 18:14:00,96915.9,96926.5,96885.9,96926.5,0.06250643
2025-02-05 18:15:00,96920.3,96920.3,96920.2,96920.3,0.04532086
2025-02-05 18:16:00,97003.3,97003.3,97003.3,97003.3,0.0135392
2025-02-05 18:17:00,97003.3,97003.3,97003.3,97003.3,0.00807735
2025-02-05 18:18:00,97003.3,97003.3,97003.3,97003.3,0.07149996
2025-02-05 18:19:00,97013.3,97013.3,97013.3,97013.3,0.00033425
2025-02-05 18:20:00,97126.5,97126.5,97036.9,97036.9,0.01530914
2025-02-05 18:21:00,97125.4,97125.4,97125.4,97125.4,0.00020612
2025-02-05 18:22:00,97050.0,97050.0,97050.0,97050.0,0.00515198
2025-02-05 18:23:00,96987.2,97004.5,96987.2,97004.5,0.00062101
2025-02-05 18:24:00,96920.3,96920.3,96920.3,96920.3,0.00062189
2025-02-05 18:25:00,96920.2,96920.2,96861.6,96861.6,0.45322821
2025-02-05 18:26:00,96861.6,96861.6,96861.6,96861.6,0.0
2025-02-05 18:27:00,96916.9,96916.9,96916.9,96916.9,0.0020469
2025-02-05 18:28:00,97050.9,97079.2,97050.9,97079.2,0.02048447
2025-02-05 18:29:00,97102.7,97102.7,97102.7,97102.7,0.00308702
2025-02-05 18:30:00,97090.9,97115.5,97090.9,97115.5,0.00112452
2025-02-05 18:31:00,97172.9,97226.3,97172.9,97226.3,0.00039592
2025-02-05 18:32:00,97223.4,97328.9,97217.5,97286.3,0.06917179
2025-02-05 18:33:00,97222.7,97222.7,97203.3,97207.2,0.09265173
2025-02-05 18:34:00,97212.9,97231.3,97186.0,97186.0,0.31302884
2025-02-05 18:35:00,97193.8,97193.8,97193.8,97193.8,0.00913373
2025-02-05 18:36:00,97226.0,97226.1,97226.0,97226.1,1.19217261
2025-02-05 18:37:00,97226.1,97226.1,97226.1,97226.1,0.0
2025-02-05 18:38:00,97292.9,97292.9,97292.9,97292.9,0.00486585
2025-02-05 18:39:00,97240.0,97240.1,97240.0,97240.1,0.00105194
2025-02-05 18:40:00,97278.7,97278.7,97278.7,97278.7,0.00738623
2025-02-05 18:41:00,97278.6,97278.6,97191.3,97191.3,0.00490387
2025-02-05 18:42:00,97051.0,97051.0,96936.2,96936.2,0.05225782
2025-02-05 18:43:00,96972.3,97013.2,96972.3,97013.2,0.00202173
2025-02-05 18:44:00,97019.7,97019.7,97019.7,97019.7,0.00025757
2025-02-05 18:45:00,97007.9,97007.9,97006.6,97007.3,0.0037397
2025-02-05 18:46:00,96933.7,96933.7,96839.7,96839.7,0.00940791
2025-02-05 18:47:00,96832.9,96832.9,96751.0,96751.0,0.08496197
2025-02-05 18:48:00,96751.0,96751.0,96745.1,96745.1,0.42577704
2025-02-05 18:49:00,96741.8,96741.8,96665.5,96675.9,0.13811286
2025-02-05 18:50:00,96739.7,96739.7,96718.6,96718.6,0.00015
2025-02-05 18:51:00,96747.4,96747.4,96747.4,96747.4,0.00326822
2025-02-05 18:52:00,96663.0,96663.0,96573.0,96573.0,0.03300077
2025-02-05 18:53:00,96573.0,96588.6,96531.9,96575.4,0.012205
2025-02-05 18:54:00,96567.9,96600.0,96562.9,96600.0,0.00283128
2025-02-05 18:55:00,96591.1,96600.0,96526.5,96546.0,0.04241808
2025-02-05 18:56:00,96588.0,96652.1,96588.0,96652.1,0.06558396
2025-02-05 18:57:00,96652.1,96653.0,96652.1,96652.9,0.000619
2025-02-05 18:58:00,96653.0,96711.6,96653.0,96711.6,0.73911502
2025-02-05 18:59:00,96719.4,96728.8,96705.0,96705.0,0.13058965
2025-02-05 19:00:00,96706.3,96710.9,96680.4,96680.4,0.00069248
2025-02-05 19:01:00,96576.7,96576.7,96576.7,96576.7,0.00101019
2025-02-05 19:02:00,96526.8,96526.8,96511.2,96511.2,0.0013472
2025-02-05 19:03:00,96524.2,96549.9,96524.2,96549.9,0.06476996
2025-02-05 19:04:00,96581.5,96613.9,96542.3,96545.4,0.06187143
2025-02-05 19:05:00,96542.6,96646.8,96542.6,96646.8,0.05169578
2025-02-05 19:06:00,96682.5,96740.7,96673.6,96673.6,0.02093561
2025-02-05 19:07:00,96735.4,96735.4,96731.6,96731.6,0.00423266
2025-02-05 19:08:00,96760.9,96767.8,96712.9,96767.8,0.01416505
2025-02-05 19:09:00,96798.2,96865.8,96798.2,96849.3,0.00503504
2025-02-05 19:10:00,96848.3,96902.0,96848.3,96902.0,0.01930548
2025-02-05 19:11:00,96919.8,96943.3,96919.8,96920.8,0.0032008
2025-02-05 19:12:00,96874.2,96874.2,96874.2,96874.2,0.0030968
2025-02-05 19:13:00,96918.9,96918.9,96902.6,96906.5,0.03219372
2025-02-05 19:14:00,96887.1,96887.1,96765.5,96817.8,0.00048047
2025-02-05 19:15:00,96831.5,96864.7,96826.0,96864.7,0.00107676
2025-02-05 19:16:00,96882.6,96907.1,96882.6,96894.8,0.02929298
2025-02-05 19:17:00,96894.8,96894.8,96894.8,96894.8,0.0
2025-02-05 19:18:00,96825.3,96828.9,96825.3,96828.9,0.0057721
2025-02-05 19:19:00,96828.9,96828.9,96828.9,96828.9,5e-05
2025-02-05 19:20:00,96828.9,96829.0,96828.9,96829.0,1.0012227
2025-02-05 19:21:00,96976.3,96990.9,96976.3,96990.9,0.00044436
2025-02-05 19:22:00,96991.0,97117.0,96991.0,97107.3,0.02734426
2025-02-05 19:23:00,97107.3,97107.3,97107.3,97107.3,0.0
2025-02-05 19:24:00,97104.2,97104.2,97104.2,97104.2,5e-05
2025-02-05 19:25:00,96989.1,96989.2,96989.1,96989.1,0.00070399
2025-02-05 19:26:00,97033.6,97042.8,96992.6,97006.2,0.10633718
2025-02-05 19:27:00,97031.7,97037.0,97031.7,97037.0,0.00105
2025-02-05 19:28:00,97076.2,97076.2,97076.2,97076.2,0.00021851
2025-02-05 19:29:00,97087.4,97123.4,97087.4,97123.4,0.00217385
2025-02-05 19:30:00,97123.3,97151.1,97123.3,97151.1,0.00335087
2025-02-05 19:31:00,97179.0,97200.5,97179.0,97200.5,0.05179724
2025-02-05 19:32:00,97140.2,97140.2,97140.2,97140.2,5e-05
2025-02-05 19:33:00,97226.2,97226.2,97226.2,97226.2,0.00021888
2025-02-05 19:34:00,97226.2,97226.2,97226.2,97226.2,0.0
2025-02-05 19:35:00,97128.8,97128.8,97128.8,97128.8,8.117e-05
2025-02-05 19:36:00,97128.8,97128.8,97128.8,97128.8,0.0
2025-02-05 19:37:00,97128.8,97128.8,97128.8,97128.8,0.0
2025-02-05 19:38:00,97128.8,97128.8,97128.8,97128.8,0.0
2025-02-05 19:39:00,97123.4,97226.3,97123.4,97226.3,0.00357475
2025-02-05 19:40:00,97301.7,97401.9,97301.7,97401.9,0.00506099
2025-02-05 19:41:00,97344.0,97344.0,97192.4,97192.4,0.02467498
2025-02-05 19:42:00,97220.2,97220.2,97220.2,97220.2,0.0009666
2025-02-05 19:43:00,97220.2,97220.2,97220.2,97220.2,0.0
2025-02-05 19:44:00,97253.6,97253.6,97253.6,97253.6,0.00023609
2025-02-05 19:45:00,97195.7,97195.7,97167.7,97167.7,0.00437748
2025-02-05 19:46:00,97186.5,97186.5,97186.5,97186.5,0.00019813
2025-02-05 19:47:00,97186.5,97186.5,97186.5,97186.5,0.0
2025-02-05 19:48:00,97253.1,97253.1,97253.1,97253.1,0.00010596
2025-02-05 19:49:00,97253.1,97253.1,97253.1,97253.1,0.0
2025-02-05 19:50:00,97331.0,97341.9,97331.0,97341.9,0.00111467
2025-02-05 19:51:00,97401.9,97418.9,97398.4,97398.4,0.00068091
2025-02-05 19:52:00,97301.1,97301.1,97301.1,97301.1,0.00010865
2025-02-05 19:53:00,97285.9,97320.8,97285.9,97320.8,0.00088007
2025-02-05 19:54:00,97320.8,97320.8,97320.8,97320.8,0.0
2025-02-05 19:55:00,97320.8,97320.8,97320.8,97320.8,0.0
2025-02-05 19:56:00,97320.8,97320.8,97320.8,97320.8,0.0
2025-02-05 19:57:00,97320.8,97320.8,97320.8,97320.8,0.0
2025-02-05 19:58:00,97370.6,97372.1,97370.6,97372.1,0.01027953
2025-02-05 19:59:00,97338.9,97338.9,97338.9,97338.9,0.00488374
2025-02-05 20:00:00,97390.7,97423.5,97390.7,97402.5,0.00245982
2025-02-05 20:01:00,97402.5,97402.5,97402.5,97402.5,0.0
2025-02-05 20:02:00,97477.3,97561.5,97477.3,97561.5,0.00133875
2025-02-05 20:03:00,97528.9,97543.5,97528.9,97543.5,0.00106379
2025-02-05 20:04:00,97577.8,97577.8,97550.3,97551.1,0.00230922
2025-02-05 20:05:00,97508.5,97521.3,97462.4,97462.4,0.56164075
2025-02-05 20:06:00,97462.4,97529.6,97462.4,97529.6,0.00370142
2025-02-05 20:07:00,97529.6,97529.6,97529.6,97529.6,0.0
2025-02-05 20:08:00,97577.9,97577.9,97577.9,97577.9,7.5e-05
2025-02-05 20:09:00,97597.9,97643.8,97597.9,97643.8,0.00075277
2025-02-05 20:10:00,97643.8,97643.8,97643.8,97643.8,0.0
2025-02-05 20:11:00,97580.8,97580.8,97570.0,97570.0,0.01550739
2025-02-05 20:12:00,97588.1,97588.1,97588.1,97588.1,0.00458734
2025-02-05 20:13:00,97588.1,97588.1,97588.1,97588.1,0.0
2025-02-05 20:14:00,97559.2,97559.3,97559.2,97559.3,0.00031141
2025-02-05 20:15:00,97621.1,97643.9,97621.1,97643.9,0.01961077
2025-02-05 20:16:00,97606.4,97606.4,97606.4,97606.4,0.01207964
2025-02-05 20:17:00,97616.5,97616.5,97608.2,97608.3,0.10748256
2025-02-05 20:18:00,97646.7,97684.1,97646.7,97684.1,0.05
2025-02-05 20:19:00,97684.1,97684.1,97684.1,97684.1,0.0
2025-02-05 20:20:00,97688.2,97696.9,97688.2,97696.9,0.0007387
2025-02-05 20:21:00,97696.9,97696.9,97696.9,97696.9,0.0
2025-02-05 20:22:00,97643.3,97648.5,97630.7,97648.5,0.50066456
2025-02-05 20:23:00,97648.5,97648.5,97648.5,97648.5,0.0
2025-02-05 20:24:00,97648.5,97648.5,97648.5,97648.5,0.0
2025-02-05 20:25:00,97672.6,97672.6,97672.6,97672.6,0.00572839
2025-02-05 20:26:00,97672.6,97672.6,97672.6,97672.6,0.0
2025-02-05 20:27:00,97672.6,97672.6,97672.6,97672.6,0.0
2025-02-05 20:28:00,97677.8,97677.8,97677.8,97677.8,0.0066
2025-02-05 20:29:00,97677.8,97677.8,97677.8,97677.8,0.0
2025-02-05 20:30:00,97676.1,97688.4,97676.1,97688.4,0.02990504
2025-02-05 20:31:00,97676.1,97676.1,97676.1,97676.1,0.00337851
2025-02-05 20:32:00,97676.0,97676.0,97630.7,97630.7,0.02215489
2025-02-05 20:33:00,97516.4,97526.4,97494.2,97494.2,0.01868069
2025-02-05 20:34:00,97500.5,97500.5,97500.5,97500.5,0.01169266
2025-02-05 20:35:00,97569.0,97569.0,97504.8,97556.5,0.01055556
2025-02-05 20:36:00,97567.4,97603.2,97567.4,97603.2,0.00391152
2025-02-05 20:37:00,97610.1,97624.3,97610.1,97619.4,0.53926339
2025-02-05 20:38:00,97619.4,97619.4,97619.4,97619.4,0.0
2025-02-05 20:39:00,97520.3,97520.3,97495.4,97499.7,0.67812092
2025-02-05 20:40:00,97499.7,97499.7,97499.7,97499.7,0.0
2025-02-05 20:41:00,97499.7,97499.7,97499.7,97499.7,0.0
2025-02-05 20:42:00,97486.3,97486.4,97486.3,97486.4,0.00044989
2025-02-05 20:43:00,97486.3,97486.3,97133.8,97133.8,0.02164472
2025-02-05 20:44:00,97076.9,97076.9,97000.0,97000.0,0.02805571
2025-02-05 20:45:00,97024.2,97024.2,97002.3,97002.3,0.01227875
2025-02-05 20:46:00,97082.1,97163.1,97082.1,97163.1,0.00171408
2025-02-05 20:47:00,97084.5,97084.5,97084.5,97084.5,0.00046286
2025-02-05 20:48:00,97123.7,97226.3,97123.7,97226.3,0.00057769
2025-02-05 20:49:00,97172.1,97172.1,97172.1,97172.1,0.00022654
2025-02-05 20:50:00,97230.8,97277.9,97230.8,97277.9,0.00086969
2025-02-05 20:51:00,97278.0,97278.0,97278.0,97278.0,0.00521791
2025-02-05 20:52:00,97278.0,97278.0,97278.0,97278.0,0.0
2025-02-05 20:53:00,97370.5,97409.7,97370.5,97409.7,0.00174057
2025-02-05 20:54:00,97466.2,97482.8,97458.5,97458.5,0.0019984
2025-02-05 20:55:00,97389.0,97434.4,97389.0,97434.4,0.0002925
2025-02-05 20:56:00,97434.4,97434.4,97405.0,97428.4,0.05198633
2025-02-05 20:57:00,97502.0,97502.0,97502.0,97502.0,0.00012807
2025-02-05 20:58:00,97405.0,97405.0,97405.0,97405.0,0.00016422
2025-02-05 20:59:00,97404.9,97404.9,97188.0,97304.7,0.02312822
2025-02-05 21:00:00,97337.9,97362.7,97337.9,97362.7,0.00071389
2025-02-05 21:01:00,97362.7,97362.7,97362.7,97362.7,0.00019761
2025-02-05 21:02:00,97401.9,97401.9,97401.9,97401.9,7.499e-05
2025-02-05 21:03:00,97401.9,97401.9,97401.9,97401.9,0.0
2025-02-05 21:04:00,97386.9,97404.6,97386.9,97404.6,0.00720859
2025-02-05 21:05:00,97355.8,97355.8,97355.8,97355.8,0.00791901
2025-02-05 21:06:00,97235.9,97250.4,97235.9,97240.2,0.00894718
2025-02-05 21:07:00,97226.3,97226.3,97139.9,97142.0,0.0002
2025-02-05 21:08:00,97211.9,97211.9,97211.9,97211.9,5e-05
2025-02-05 21:09:00,97211.9,97211.9,97211.9,97211.9,0.0
2025-02-05 21:10:00,97255.4,97255.4,97255.4,97255.4,0.00121203
2025-02-05 21:11:00,97255.4,97255.4,97255.4,97255.4,0.0
2025-02-05 21:12:00,97250.8,97250.8,97239.5,97239.5,0.00058817
2025-02-05 21:13:00,97246.5,97283.3,97223.3,97283.3,1.81081011
2025-02-05 21:14:00,97197.5,97197.5,97181.0,97181.7,0.00118717
2025-02-05 21:15:00,97114.4,97220.4,97114.4,97212.3,0.08699046
2025-02-05 21:16:00,97212.3,97212.3,97212.3,97212.3,0.0
2025-02-05 21:17:00,97231.6,97247.7,97231.6,97247.7,0.01248503
2025-02-05 21:18:00,97247.7,97247.7,97247.7,97247.7,0.0
2025-02-05 21:19:00,97266.6,97266.6,97266.6,97266.6,5e-05
2025-02-05 21:20:00,97277.4,97277.4,97277.4,97277.4,0.00017167
2025-02-05 21:21:00,97277.5,97331.5,97277.5,97331.5,0.00272269
2025-02-05 21:22:00,97331.5,97331.5,97331.5,97331.5,0.0
2025-02-05 21:23:00,97249.8,97249.8,97249.8,97249.8,0.00292337
2025-02-05 21:24:00,97249.8,97249.8,97249.8,97249.8,0.0
2025-02-05 21:25:00,97256.8,97256.8,97237.5,97237.5,0.00038507
2025-02-05 21:26:00,97271.5,97271.5,97271.5,97271.5,0.00017109
2025-02-05 21:27:00,97338.9,97338.9,97338.9,97338.9,0.00017109
2025-02-05 21:28:00,97308.1,97343.2,97283.3,97283.3,0.1401252
2025-02-05 21:29:00,97288.7,97319.9,97288.7,97319.9,0.11359916
2025-02-05 21:30:00,97267.4,97308.3,97267.4,97308.3,0.00322273
2025-02-05 21:31:00,97385.6,97385.6,97369.0,97369.0,1.0
2025-02-05 21:32:00,97334.3,97368.1,97334.3,97361.4,0.10799653
2025-02-05 21:33:00,97385.7,97385.7,97385.7,97385.7,0.00033791
2025-02-05 21:34:00,97385.7,97385.7,97385.7,97385.7,0.0
2025-02-05 21:35:00,97385.6,97385.6,97385.6,97385.6,0.001
2025-02-05 21:36:00,97385.6,97385.6,97385.6,97385.6,0.0
2025-02-05 21:37:00,97385.7,97405.3,97385.7,97405.3,0.00798083
2025-02-05 21:38:00,97412.5,97417.7,97412.5,97417.7,0.00057423
2025-02-05 21:39:00,97482.2,97485.3,97475.7,97485.3,0.10798512
2025-02-05 21:40:00,97440.7,97440.7,97440.7,97440.7,0.00010044
2025-02-05 21:41:00,97440.7,97440.7,97440.7,97440.7,0.0
2025-02-05 21:42:00,97384.3,97384.3,97384.3,97384.3,0.005
2025-02-05 21:43:00,97384.3,97384.3,97384.3,97384.3,0.0
2025-02-05 21:44:00,97384.3,97384.3,97384.3,97384.3,0.0
2025-02-05 21:45:00,97327.3,97327.3,97327.3,97327.3,0.00050614
2025-02-05 21:46:00,97327.2,97327.2,97327.2,97327.2,0.00450619
2025-02-05 21:47:00,97327.2,97327.2,97327.2,97327.2,0.0
2025-02-05 21:48:00,97327.2,97327.2,97320.2,97325.5,0.01177424
2025-02-05 21:49:00,97325.5,97325.5,97325.5,97325.5,0.0
2025-02-05 21:50:00,97302.6,97302.6,97302.6,97302.6,1.054e-05
2025-02-05 21:51:00,97324.1,97324.1,97275.7,97275.7,0.03999805
2025-02-05 21:52:00,97261.8,97261.8,97181.7,97181.7,0.01011293
2025-02-05 21:53:00,97181.7,97181.7,97181.7,97181.7,0.0
2025-02-05 21:54:00,97181.7,97181.7,97181.7,97181.7,0.0
2025-02-05 21:55:00,97181.7,97181.7,97181.7,97181.7,0.0
2025-02-05 21:56:00,97181.7,97181.7,96828.9,96828.9,0.46293846
2025-02-05 21:57:00,96828.9,96828.9,96828.9,96828.9,0.0
2025-02-05 21:58:00,96948.0,96948.0,96948.0,96948.0,0.00907191
2025-02-05 21:59:00,96943.8,96944.4,96916.3,96916.3,0.00124199
2025-02-05 22:00:00,96893.5,96893.5,96722.9,96722.9,0.00707253
2025-02-05 22:01:00,96723.5,96723.5,96701.3,96701.3,0.00170575
2025-02-05 22:02:00,96701.2,96701.2,96663.1,96663.1,0.00298959
2025-02-05 22:03:00,96663.1,96663.1,96663.1,96663.1,0.0
2025-02-05 22:04:00,96663.1,96663.1,96663.1,96663.1,0.0
2025-02-05 22:05:00,96701.6,96701.6,96701.6,96701.6,5e-05
2025-02-05 22:06:00,96753.5,96753.5,96709.3,96709.3,0.00110356
2025-02-05 22:07:00,96761.7,96842.3,96761.7,96842.3,0.01503155
2025-02-05 22:08:00,96806.6,96806.6,96794.1,96794.1,0.01316597
2025-02-05 22:09:00,96794.1,96794.1,96794.1,96794.1,0.0
2025-02-05 22:10:00,96799.7,96852.5,96799.7,96852.4,0.03893909
2025-02-05 22:11:00,96875.8,96875.8,96875.8,96875.8,9.719e-05
2025-02-05 22:12:00,96875.9,96894.2,96875.9,96894.2,0.00100695
2025-02-05 22:13:00,96940.9,97012.0,96940.9,97011.9,0.01089428
2025-02-05 22:14:00,97012.0,97029.2,97012.0,97029.2,0.00303631
2025-02-05 22:15:00,97012.1,97012.1,97012.1,97012.1,0.00015852
2025-02-05 22:16:00,97012.1,97012.1,97012.1,97012.1,0.0
2025-02-05 22:17:00,96728.7,96728.7,96728.7,96728.7,0.01765839
2025-02-05 22:18:00,96761.1,96761.1,96758.5,96758.5,0.05197349
2025-02-05 22:19:00,96762.9,96762.9,96762.9,96762.9,0.01350298
2025-02-05 22:20:00,96701.2,96701.2,96555.2,96555.2,0.27892537
2025-02-05 22:21:00,96526.8,96526.8,96455.9,96506.4,0.4403302
2025-02-05 22:22:00,96506.4,96506.4,96506.4,96506.4,0.0
2025-02-05 22:23:00,96561.7,96561.8,96561.7,96561.8,0.00586106
2025-02-05 22:24:00,96561.8,96561.8,96561.8,96561.8,0.0
2025-02-05 22:25:00,96631.4,96631.4,96631.4,96631.4,0.01689054
2025-02-05 22:26:00,96618.4,96618.4,96550.9,96550.9,0.00120163
2025-02-05 22:27:00,96550.9,96550.9,96550.9,96550.9,0.0
2025-02-05 22:28:00,96615.8,96624.0,96615.8,96624.0,0.00202745
2025-02-05 22:29:00,96636.0,96636.0,96636.0,96636.0,0.000202
2025-02-05 22:30:00,96534.1,96706.8,96534.1,96706.8,0.00216453
2025-02-05 22:31:00,96850.9,96850.9,96773.5,96773.5,0.01246804
2025-02-05 22:32:00,96773.5,96773.5,96773.5,96773.5,0.0
2025-02-05 22:33:00,96773.5,96773.5,96773.5,96773.5,0.0
2025-02-05 22:34:00,96773.5,96773.5,96773.5,96773.5,0.0
2025-02-05 22:35:00,96705.5,96705.5,96590.8,96687.7,0.25624457
2025-02-05 22:36:00,96636.3,96636.3,96367.5,96517.0,0.36825059
2025-02-05 22:37:00,96517.0,96517.0,96517.0,96517.0,0.0
2025-02-05 22:38:00,96517.0,96517.0,96517.0,96517.0,0.0
2025-02-05 22:39:00,96468.1,96468.1,96468.1,96468.1,0.00057013
2025-02-05 22:40:00,96477.7,96477.7,96477.7,96477.7,0.005
2025-02-05 22:41:00,96477.8,96477.8,96477.8,96477.8,6.252e-05
2025-02-05 22:42:00,96477.8,96586.8,96477.8,96495.8,0.00086981
2025-02-05 22:43:00,96486.3,96486.3,96486.3,96486.3,0.00060026
2025-02-05 22:44:00,96477.7,96477.7,96349.1,96349.1,0.03703372
2025-02-05 22:45:00,96349.0,96349.0,96347.7,96347.7,0.00193774
2025-02-05 22:46:00,96347.7,96347.7,96347.7,96347.7,0.0
2025-02-05 22:47:00,96382.2,96436.6,96382.2,96436.6,0.00497194
2025-02-05 22:48:00,96443.8,96443.8,96443.8,96443.8,0.00076655
2025-02-05 22:49:00,96467.6,96562.6,96467.6,96545.5,0.0022916
2025-02-05 22:50:00,96565.1,96565.1,96565.1,96565.1,0.00183474
2025-02-05 22:51:00,96565.2,96565.2,96565.2,96565.2,0.00228913
2025-02-05 22:52:00,96555.3,96556.2,96555.3,96556.2,0.00110882
2025-02-05 22:53:00,96560.3,96560.3,96560.3,96560.3,0.00049529
2025-02-05 22:54:00,96560.3,96560.3,96524.7,96524.7,0.00558066
2025-02-05 22:55:00,96492.2,96492.2,96492.2,96492.2,0.0006589
2025-02-05 22:56:00,96419.0,96436.9,96404.2,96436.9,0.05178432
2025-02-05 22:57:00,96449.8,96449.9,96449.8,96449.9,0.00088926
2025-02-05 22:58:00,96449.9,96449.9,96449.9,96449.9,0.0
2025-02-05 22:59:00,96425.1,96425.1,96422.2,96422.2,0.03226902
2025-02-05 23:00:00,96451.5,96455.0,96451.5,96455.0,0.00100644
2025-02-05 23:01:00,96455.0,96455.0,96455.0,96455.0,0.0
2025-02-05 23:02:00,96483.7,96486.1,96444.6,96486.1,0.02749851
2025-02-05 23:03:00,96485.8,96485.8,96344.5,96344.5,0.42881207
2025-02-05 23:04:00,96351.8,96351.8,96351.8,96351.8,0.00207588
2025-02-05 23:05:00,96351.8,96351.8,96351.8,96351.8,0.0
2025-02-05 23:06:00,96437.3,96437.3,96437.3,96437.3,0.01
2025-02-05 23:07:00,96482.7,96564.0,96482.7,96564.0,0.00909845
2025-02-05 23:08:00,96555.7,96555.7,96553.6,96553.6,0.01079281
2025-02-05 23:09:00,96596.9,96693.2,96596.9,96693.2,0.00118428
2025-02-05 23:10:00,96655.4,96665.3,96655.4,96665.3,0.00207418
2025-02-05 23:11:00,96701.2,96729.3,96701.2,96723.4,0.00317781
2025-02-05 23:12:00,96724.8,96724.8,96724.8,96724.8,0.00579795
2025-02-05 23:13:00,96715.2,96715.2,96698.7,96698.7,0.00970074
2025-02-05 23:14:00,96648.4,96700.0,96648.4,96700.0,0.00766872
2025-02-05 23:15:00,96624.3,96624.3,96624.3,96624.3,0.00019095
2025-02-05 23:16:00,96624.4,96624.4,96624.4,96624.4,0.00886307
2025-02-05 23:17:00,96624.3,96624.3,96624.3,96624.3,0.00116575
2025-02-05 23:18:00,96657.8,96657.8,96657.8,96657.8,0.00014131
2025-02-05 23:19:00,96675.5,96675.5,96675.5,96675.5,0.00098225
2025-02-05 23:20:00,96690.0,96690.0,96690.0,96690.0,0.01029501
2025-02-05 23:21:00,96690.1,96690.1,96660.0,96660.0,0.01389845
2025-02-05 23:22:00,96641.9,96641.9,96641.9,96641.9,5e-05
2025-02-05 23:23:00,96708.3,96747.5,96708.3,96747.5,0.00078745
2025-02-05 23:24:00,96796.3,96796.3,96796.3,96796.3,0.00043802
2025-02-05 23:25:00,96796.3,96796.3,96796.3,96796.3,0.0
2025-02-05 23:26:00,96796.3,96796.3,96796.3,96796.3,0.0
2025-02-05 23:27:00,96624.3,96624.3,96624.3,96624.3,0.05963284
2025-02-05 23:28:00,96577.3,96577.3,96526.8,96526.8,0.00267499
2025-02-05 23:29:00,96440.0,96440.0,96415.7,96415.7,0.00205718
2025-02-05 23:30:00,96352.8,96352.8,96352.7,96352.7,0.00029303
2025-02-05 23:31:00,96338.8,96338.8,96272.3,96272.3,0.00812398
2025-02-05 23:32:00,96272.3,96272.3,96244.6,96244.6,0.02953271
2025-02-05 23:33:00,96244.6,96244.6,96242.1,96242.1,0.01003734
2025-02-05 23:34:00,96241.7,96304.2,96241.7,96304.2,0.00600947
2025-02-05 23:35:00,96317.1,96317.1,96317.1,96317.1,0.00649449
2025-02-05 23:36:00,96357.0,96497.2,96357.0,96497.2,0.00331838
2025-02-05 23:37:00,96497.2,96497.2,96497.2,96497.2,0.0
2025-02-05 23:38:00,96510.4,96611.3,96505.3,96611.3,0.01122965
2025-02-05 23:39:00,96579.5,96579.5,96456.8,96456.8,0.01010588
2025-02-05 23:40:00,96431.1,96432.6,96431.1,96432.6,0.01147971
2025-02-05 23:41:00,96550.4,96550.4,96542.1,96542.1,0.00099778
2025-02-05 23:42:00,96542.1,96542.1,96542.1,96542.1,0.0
2025-02-05 23:43:00,96500.4,96500.4,96500.4,96500.4,0.00024637
2025-02-05 23:44:00,96544.1,96544.1,96544.1,96544.1,0.00094483
2025-02-05 23:45:00,96544.1,96544.1,96544.1,96544.1,0.0
2025-02-05 23:46:00,96544.1,96544.1,96544.1,96544.1,0.0
2025-02-05 23:47:00,96544.1,96544.1,96544.1,96544.1,0.0
2025-02-05 23:48:00,96515.7,96517.4,96515.7,96517.4,0.01062483
2025-02-05 23:49:00,96517.4,96517.4,96517.4,96517.4,0.0
2025-02-05 23:50:00,96501.8,96526.4,96501.8,96526.4,0.00381697
2025-02-05 23:51:00,96526.4,96526.4,96526.4,96526.4,0.0
2025-02-05 23:52:00,96526.4,96526.4,96526.4,96526.4,0.0
2025-02-05 23:53:00,96554.3,96554.3,96554.3,96554.3,0.00086205
2025-02-05 23:54:00,96547.1,96586.6,96547.1,96586.6,0.00092417
2025-02-05 23:55:00,96576.9,96577.7,96545.5,96545.5,0.01161884
2025-02-05 23:56:00,96533.4,96610.6,96533.4,96610.6,0.00424435
2025-02-05 23:57:00,96610.6,96610.6,96610.6,96610.6,0.0
2025-02-05 23:58:00,96606.2,96607.9,96606.2,96607.9,0.00719349
2025-02-05 23:59:00,96602.8,96603.1,96602.8,96603.1,0.05
2025-02-06 00:00:00,96617.1,96617.1,96617.1,96617.1,0.00021742
2025-02-06 00:01:00,96631.7,96658.9,96631.7,96658.9,0.00070258
2025-02-06 00:02:00,96508.6,96508.6,96508.6,96508.6,0.0006347
2025-02-06 00:03:00,96521.3,96521.3,96521.3,96521.3,0.00081157
2025-02-06 00:04:00,96655.7,96725.3,96655.7,96725.3,0.11284921
2025-02-06 00:05:00,96725.3,96740.9,96725.3,96740.9,0.00680986
2025-02-06 00:06:00,96717.5,96717.5,96717.5,96717.5,0.00292614
2025-02-06 00:07:00,96717.5,96717.5,96717.5,96717.5,0.0
2025-02-06 00:08:00,96717.5,96717.5,96717.5,96717.5,0.0
2025-02-06 00:09:00,96717.5,96717.5,96717.5,96717.5,0.0
2025-02-06 00:10:00,96678.4,96678.4,96628.5,96628.5,0.00044278
2025-02-06 00:11:00,96681.2,96681.2,96681.2,96681.2,0.00968549
2025-02-06 00:12:00,96669.3,96671.5,96669.3,96671.5,0.00258665
2025-02-06 00:13:00,96713.2,96713.2,96713.2,96713.2,0.00206612
2025-02-06 00:14:00,96723.3,96741.0,96723.3,96726.5,0.00084123
2025-02-06 00:15:00,96741.0,96753.8,96733.2,96733.2,0.00062242
2025-02-06 00:16:00,96733.2,96733.2,96733.2,96733.2,0.0
2025-02-06 00:17:00,96749.8,96749.8,96749.8,96749.8,0.00010084
2025-02-06 00:18:00,96763.3,96775.4,96763.3,96775.4,0.01008036
2025-02-06 00:19:00,96775.4,96775.4,96775.4,96775.4,0.0
2025-02-06 00:20:00,96779.3,96794.4,96779.3,96794.4,0.00053042
2025-02-06 00:21:00,96797.7,96797.7,96736.1,96736.1,0.00644114
2025-02-06 00:22:00,96736.1,96736.1,96736.1,96736.1,0.0
2025-02-06 00:23:00,96816.2,96816.2,96810.6,96810.6,0.00232282
2025-02-06 00:24:00,96810.6,96810.6,96810.6,96810.6,0.0
2025-02-06 00:25:00,96690.9,96692.6,96690.9,96692.6,0.05297564
2025-02-06 00:26:00,96706.1,96706.1,96706.1,96706.1,0.01611736
2025-02-06 00:27:00,96706.1,96706.1,96706.1,96706.1,0.0
2025-02-06 00:28:00,96706.1,96706.1,96706.1,96706.1,0.0
2025-02-06 00:29:00,96706.1,96706.1,96706.1,96706.1,0.0
2025-02-06 00:30:00,96689.8,96689.8,96641.7,96641.7,0.00120707
2025-02-06 00:31:00,96641.7,96641.7,96641.7,96641.7,0.0
2025-02-06 00:32:00,96641.7,96641.7,96641.7,96641.7,0.0
2025-02-06 00:33:00,96700.0,96700.0,96700.0,96700.0,0.03102378
2025-02-06 00:34:00,96730.1,96752.4,96730.1,96752.4,0.00083701
2025-02-06 00:35:00,96753.1,96799.3,96753.1,96799.3,0.00448406
2025-02-06 00:36:00,96820.4,96820.4,96820.4,96820.4,0.00266443
2025-02-06 00:37:00,96820.5,96820.5,96820.5,96820.5,0.00020013
2025-02-06 00:38:00,96834.7,96892.9,96834.7,96892.9,0.01026934
2025-02-06 00:39:00,96900.1,96954.5,96900.1,96954.5,0.0519301
2025-02-06 00:40:00,96882.4,96885.2,96836.5,96885.2,0.01497071
2025-02-06 00:41:00,96878.5,96892.0,96878.5,96888.8,0.03040859
2025-02-06 00:42:00,96834.7,96856.7,96834.7,96841.7,0.01501261
2025-02-06 00:43:00,96841.7,96841.7,96841.7,96841.7,0.0
2025-02-06 00:44:00,96876.1,96876.1,96876.1,96876.1,0.00016912
2025-02-06 00:45:00,96888.8,96888.8,96834.6,96834.6,0.00373215
2025-02-06 00:46:00,96834.6,96834.6,96736.9,96736.9,0.05117217
2025-02-06 00:47:00,96736.9,96736.9,96736.9,96736.9,0.0
2025-02-06 00:48:00,96736.9,96736.9,96736.9,96736.9,0.0
2025-02-06 00:49:00,96721.8,96721.8,96721.8,96721.8,0.000169
2025-02-06 00:50:00,96770.5,96770.5,96710.1,96710.1,0.00040327
2025-02-06 00:51:00,96710.1,96710.1,96710.1,96710.1,0.0
2025-02-06 00:52:00,96710.1,96710.1,96710.1,96710.1,0.0
2025-02-06 00:53:00,96747.4,96747.4,96747.4,96747.4,0.00226244
2025-02-06 00:54:00,96725.4,96725.4,96725.4,96725.4,0.0103437
2025-02-06 00:55:00,96725.4,96725.4,96725.4,96725.4,0.0
2025-02-06 00:56:00,96798.7,96829.3,96798.7,96829.3,0.00082288
2025-02-06 00:57:00,96829.3,96829.3,96829.3,96829.3,0.0
2025-02-06 00:58:00,96829.3,96829.3,96829.3,96829.3,0.0
2025-02-06 00:59:00,96817.3,96817.3,96817.3,96817.3,0.00101761
2025-02-06 01:00:00,96817.1,96817.1,96817.1,96817.1,0.00022378
2025-02-06 01:01:00,96761.6,96761.6,96761.6,96761.6,0.00016526
2025-02-06 01:02:00,96761.6,96761.6,96761.6,96761.6,0.0
2025-02-06 01:03:00,96701.3,96701.3,96701.3,96701.3,0.0074239
2025-02-06 01:04:00,96701.2,96701.2,96701.2,96701.2,7.5e-05
2025-02-06 01:05:00,96712.4,96752.2,96712.4,96752.2,0.00060622
2025-02-06 01:06:00,96752.3,96879.3,96752.3,96879.3,0.00292139
2025-02-06 01:07:00,96881.9,97052.2,96881.9,97052.2,0.00331631
2025-02-06 01:08:00,97052.2,97052.2,97052.2,97052.2,0.0
2025-02-06 01:09:00,97054.6,97057.5,97054.6,97057.5,0.00177329
2025-02-06 01:10:00,97057.5,97098.6,97057.5,97098.6,0.00104157
2025-02-06 01:11:00,97038.9,97038.9,97038.8,97038.8,0.00082427
2025-02-06 01:12:00,97042.4,97042.4,97042.4,97042.4,0.00052096
2025-02-06 01:13:00,97072.5,97072.6,97072.5,97072.6,0.05150787
2025-02-06 01:14:00,97099.2,97167.6,97099.2,97167.6,0.00265528
2025-02-06 01:15:00,97167.6,97222.1,97073.0,97073.0,0.20751669
2025-02-06 01:16:00,97132.0,97132.0,97024.0,97024.0,0.00984994
2025-02-06 01:17:00,97123.6,97123.6,97123.6,97123.6,0.00042076
2025-02-06 01:18:00,97090.8,97107.8,97090.8,97090.9,0.30053961
2025-02-06 01:19:00,97090.8,97090.8,97090.8,97090.8,0.00021398
2025-02-06 01:20:00,97092.6,97129.3,97092.6,97117.0,0.00924909
2025-02-06 01:21:00,97117.0,97117.0,97117.0,97117.0,0.0
2025-02-06 01:22:00,97136.2,97157.3,97136.2,97155.5,0.12788553
2025-02-06 01:23:00,97149.2,97149.2,97149.1,97149.1,0.00042396
2025-02-06 01:24:00,97149.1,97149.1,97149.1,97149.1,0.0
2025-02-06 01:25:00,97149.1,97149.1,97149.1,97149.1,0.0
